sequencia,codigo,link_certificado,data_recebimento
1,ESQ-CQ-010,ESQ-CQ-010 18/02/2025.pdf,18/02/2025
1,AAD-CQ-001,https://drive.google.com/file/d/1wy6T8xJKhUDfAQGgDn7Bogv3FFRx4MbC/view?usp=sharing,17/09/2025
2,AAD-CQ-001,https://drive.google.com/file/d/1wy6T8xJKhUDfAQGgDn7Bogv3FFRx4MbC/view?usp=sharing,17/09/2025
3,AAD-CQ-001,https://drive.google.com/file/d/1wy6T8xJKhUDfAQGgDn7Bogv3FFRx4MbC/view?usp=sharing,17/09/2025
4,AAD-CQ-001,https://drive.google.com/file/d/1wy6T8xJKhUDfAQGgDn7Bogv3FFRx4MbC/view?usp=sharing,17/09/2025
5,AAD-CQ-001,https://drive.google.com/file/d/1wy6T8xJKhUDfAQGgDn7Bogv3FFRx4MbC/view?usp=sharing,17/09/2025
6,AAD-CQ-001,https://drive.google.com/file/d/1wy6T8xJKhUDfAQGgDn7Bogv3FFRx4MbC/view?usp=sharing,17/09/2025
1,BAL-CQ-001,https://drive.google.com/file/d/14N13M8cbYLAjthISnnx8v4sDoJ62R4nF/view?usp=sharing,29/08/2025
1,BAL-CQ-002,https://drive.google.com/file/d/1A0dLBcB0rZKh9k5CgteElJ8iZ3jCIJFF/view?usp=sharing,04/08/2025
1,BAL-CQ-003,https://drive.google.com/file/d/1NgMeZHdFhrcMU6XdWOrzyirOtcW_dpmH/view?usp=sharing,04/08/2025
1,CFD-CQ-002,https://drive.google.com/file/d/10CcDMCPIsow2m_lbn_UA6oOU71YriNaY/view?usp=sharing,13/05/2025
1,DUR-CQ-001,https://drive.google.com/file/d/1t21O7WrMZD6PNReCyer5W-GjHXIlRj5y/view?usp=sharing,11/04/2025
1,ESM-CQ-001,https://drive.google.com/file/d/15Ex0DOWwXuzVSY_He-1EtuaR32PbbCg3/view?usp=sharing,13/05/2025
1,ESM-CQ-002,https://drive.google.com/file/d/1W-ADInpBOe-CHYq3xk5mu2dpUuzbGSrs/view?usp=sharing,13/05/2025
1,ESQ-CQ-002,https://drive.google.com/file/d/1GhGAhPwOHFTIlQ2xiNm4qpHneccu-iB5/view?usp=sharing,18/02/2025
1,ESQ-CQ-003,https://drive.google.com/file/d/19rdqi70Pe-bn1oI_ubL1yP1_tJB4__HK/view?usp=sharing,18/02/2025
1,ESQ-CQ-004,https://drive.google.com/file/d/1r0ZUC2U4tsXhpJemIWKJYvOGE29o2guT/view?usp=sharing,19/02/2025
1,ESQ-CQ-006,https://drive.google.com/file/d/1v4Usuwgivmy772_UwmPrP7G0f7fdh1bz/view?usp=sharing,18/02/2025
1,ESQ-CQ-011,https://drive.google.com/file/d/1BslblIw06C8c7yXBjDGLS8tiBjL0fzbT/view?usp=sharing,29/07/2025
1,ESQ-CQ-012,https://drive.google.com/file/d/1Mlzxs8FTzUSaVjpO17N6nK3bZgcQ9S8b/view?usp=sharing,03/09/2025
1,ESQ-CQ-015,https://drive.google.com/file/d/1ZW8AOBx30CCVThfgGX-UhxdqB9knnxZa/view?usp=sharing,03/09/2025
1,ESQ-CQ-019,https://drive.google.com/file/d/14P6MlPz2p9K6DXU-yX0XpN4TpzdpkLZU/view?usp=sharing,29/07/2025
1,ESQ-CQ-020,https://drive.google.com/file/d/1agTiwk2tFMGNUEtKxHhjUW-ubDYDKpcj/view?usp=sharing,28/05/2025
1,ESQ-CQ-021,https://drive.google.com/file/d/1TgUrTwCgcLrtqF86YZIDcUoclEQQDW56/view?usp=sharing,28/05/2025
1,ESQ-CQ-024,https://drive.google.com/file/d/1WEiqfCVBcC7fqL1ilSmQcwcRZkYl6Tm9/view?usp=sharing,28/05/2025
1,ESQ-CQ-025,https://drive.google.com/file/d/11xKUThzvg3L6AeL0L7C1GIsv77glygsz/view?usp=sharing,03/12/2025
1,ESQ-CQ-026,https://drive.google.com/file/d/1Xio4B5J39HI6N9WW8deM4PbiOrcX81YV/view?usp=sharing,18/02/2025
1,ESQ-CQ-027,https://drive.google.com/file/d/1ACi6Q4Wu8Tqh89fV06o69FRE60Og3FJI/view?usp=sharing,18/02/2025
1,ESQ-CQ-029,https://drive.google.com/file/d/1l9lRvGFjh9tAFjjPEfV8UGxZeq9DabYJ/view?usp=sharing,14/03/2025
1,ESQ-CQ-030,https://drive.google.com/file/d/1Dmehdlr78mUmcJTTG2__aSUbNutdmSyc/view?usp=sharing,14/03/2025
1,ESQ-CQ-031,https://drive.google.com/file/d/1-AIoemfd9AQ7XHBPh22jy2JQxmT0d_pb/view?usp=sharing,14/03/2025
1,ESQ-CQ-032,https://drive.google.com/file/d/1n1VEQhfntziCfA9wBCTqT3ovyfVUD9mk/view?usp=sharing,08/04/2025
1,ESQ-CQ-033,https://drive.google.com/file/d/1mWkCRWkCGj3deImfQYrEqSOxHfPu4BTf/view?usp=sharing,20/05/2025
1,ESQ-CQ-035,https://drive.google.com/file/d/14tj9HOUqOemDNbbeRTr8Zf9xQxWljH6u/view?usp=sharing,24/07/2025
1,FLU-CQ-025,https://drive.google.com/file/d/19ygLyAeYo3HP_5S59d57a4nG03HLeIWn/view?usp=sharing,25/11/2025
1,FLU-CQ-026,https://drive.google.com/file/d/1Hq4TzcYClujR-cT142QNK7wWbe_NaqtU/view?usp=sharing,27/11/2025
1,FLU-CQ-027,https://drive.google.com/file/d/1j_iELx-vRjzi0QchYxwFTX3mmcpqyrey/view?usp=sharing,25/11/2025
1,FLU-CQ-030,https://drive.google.com/file/d/14N_Cb6PEttwbCClsTyJul0_T3zie3WXK/view?usp=sharing,25/11/2025
1,FLU-CQ-031,https://drive.google.com/file/d/1orK4TELZ60_NEsGzzq-v12LvvEq6Y5H8/view?usp=sharing,27/11/2025
1,FLU-CQ-033,https://drive.google.com/file/d/1_XosIAef-tXQudMwinDy2gxn_-ax_Oei/view?usp=sharing,25/11/2025
1,FLU-CQ-034,https://drive.google.com/file/d/1Cw8guUHOOlPs73Q_SVMuxm9l4sSb4Y9-/view?usp=sharing,25/11/2025
1,FLU-CQ-036,https://drive.google.com/file/d/1wO0-59A3TlJjiCEWUWkdFHSGRWdTmwcy/view?usp=sharing,25/11/2025
1,FLU-CQ-039,https://drive.google.com/file/d/1WOv6yIHkhC8ij7sGQbvUhdx9nEjCqpwv/view?usp=sharing,25/11/2025
1,FLU-CQ-040,https://drive.google.com/file/d/1qnmH6Dvc4jDs_0vwv8PsjVTggI5guGc_/view?usp=sharing,25/11/2025
1,FLU-CQ-041,https://drive.google.com/file/d/1kVBuH89MgboJzQElDpM_ajUnFfzfGquJ/view?usp=sharing,25/11/2025
1,FLU-CQ-042,https://drive.google.com/file/d/10fJuU3OTe-8a5W2i8xXSgp8Yc9jE_r4x/view?usp=sharing,25/11/2025
1,FLU-CQ-044,https://drive.google.com/file/d/1SC_IZwv7DNhJZjKpoy7GkrLVMEQB1O_v/view?usp=sharing,26/11/2025
1,FLU-CQ-045,https://drive.google.com/file/d/1CeHLXhN3LPEKlqRQ0kyPQXhcfCIfRrMd/view?usp=sharing,25/11/2025
1,FLU-CQ-046,https://drive.google.com/file/d/1CeHLXhN3LPEKlqRQ0kyPQXhcfCIfRrMd/view?usp=sharing,25/11/2025
1,FLU-CQ-048,https://drive.google.com/file/d/1X1Un5tPvBPewuplrye85Byv6IFZkG3Sh/view?usp=sharing,25/11/2025
1,FLU-CQ-050,https://drive.google.com/file/d/1hIzOv-kHSl3xPFY5gtMiUBlzEdx5FEjg/view?usp=sharing,25/11/2025
1,FLU-CQ-055,https://drive.google.com/file/d/1WhoXb6RarF36IWeVgmLqeADKte_ln_r-/view?usp=sharing,25/11/2025
1,GON-CQ-004,https://drive.google.com/file/d/1OYKN_q75DrDF68ojvoJAlNZvoyin9hHR/view?usp=sharing,17/09/2025
2,GON-CQ-004,https://drive.google.com/file/d/1OYKN_q75DrDF68ojvoJAlNZvoyin9hHR/view?usp=sharing,17/09/2025
3,GON-CQ-004,https://drive.google.com/file/d/1OYKN_q75DrDF68ojvoJAlNZvoyin9hHR/view?usp=sharing,17/09/2025
1,GON-CQ-005,https://drive.google.com/file/d/1ndgfezEkHpjN5lyAHnaiKADhY7D_G4nL/view?usp=sharing,23/06/2025
2,GON-CQ-005,https://drive.google.com/file/d/1ndgfezEkHpjN5lyAHnaiKADhY7D_G4nL/view?usp=sharing,23/06/2025
3,GON-CQ-005,https://drive.google.com/file/d/1ndgfezEkHpjN5lyAHnaiKADhY7D_G4nL/view?usp=sharing,23/06/2025
1,GON-CQ-006,https://drive.google.com/file/d/1pdtikJXcLZzi8mxAdex5y48F3jrSjEC7/view?usp=sharing,28/01/2025
1,LPG-CQ-002,https://drive.google.com/file/d/1XfmxWjTL1fIAQ2HGAtQEnm4wklZABIP8/view?usp=sharing,03/06/2025
1,MAN-PI-009,https://drive.google.com/file/d/1XfmxWjTL1fIAQ2HGAtQEnm4wklZABIP8/view?usp=sharing,16/12/2025
1,MAN-PI-011,https://drive.google.com/file/d/1GBHyEp3XtW0QTrvU7LwoXD7EoRdzeLdo/view?usp=sharing,30/01/2025
1,MAN-PI-012,https://drive.google.com/file/d/1M_SzyqE1VTLqGd2jdRcn4S4UnapM3Zfg/view?usp=sharing,30/01/2025
1,MAN-PI-014,https://drive.google.com/file/d/1kTSOCRjmiHcXOcWHNWLfEyw0SwkS3_5n/view?usp=sharing,30/01/2025
1,MAN-PI-015,https://drive.google.com/file/d/1mIjUjVB2BH-VJjsm5Vb8VfRUk4P37io0/view?usp=sharing,30/01/2025
1,MAN-PI-016,https://drive.google.com/file/d/1mIjUjVB2BH-VJjsm5Vb8VfRUk4P37io0/view?usp=sharing,30/01/2025
1,MAN-PI-017,https://drive.google.com/file/d/1yyxts8PAZoxTVzSsfsFaOQAtszSfwBPx/view?usp=sharing,30/01/2025
1,MAN-PI-018,https://drive.google.com/file/d/120cmuD32KNUNM0YYRGtTfXCVMJpiUoAn/view?usp=sharing,30/01/2025
1,MAN-PI-019,https://drive.google.com/file/d/1agJih6dtN8aK2DUdpsZvVw0tCgGRt-bi/view?usp=sharing,30/01/2025
1,MAN-PI-020,https://drive.google.com/file/d/1hq_NH286lFKmcCAFDWuWnpgPVXUwEKoU/view?usp=sharing,30/01/2025
1,MAN-PI-021,https://drive.google.com/file/d/1-dsJMI0VFna8RdL2u0QaoBOMLF81ULmV/view?usp=sharing,11/02/2025
1,MAN-PI-022,https://drive.google.com/file/d/1r1Qfe8mDYRjQsuQN2MXg-VHXXiHyZAjB/view?usp=sharing,20/02/2025
1,MAN-PI-023,https://drive.google.com/file/d/1WPAOA-m5ZmOViexp_v0insgpEhDCHrSM/view?usp=sharing,20/02/2025
1,MAN-PI-025,https://drive.google.com/file/d/1SYv2TLJIdBvyG-WgFTQHmBeDd8Ykyx7B/view?usp=sharing,16/12/2025
1,MAN-PI-026,https://drive.google.com/file/d/1gUUjhzQg16Izr_yByAtoPo2-yqULC-jT/view?usp=sharing,16/12/2025
1,MAN-PI-027,https://drive.google.com/file/d/1Oi7kPq4XCR4MuVzDBWUWO_8wW2xhv7yk/view?usp=sharing,16/12/2025
1,MAN-PI-028,https://drive.google.com/file/d/1WJx6h_flaRu_vy4kwTTlD9v_lwPYB6-K/view?usp=sharing,16/12/2025
1,MAN-PI-029,https://drive.google.com/file/d/1ANShIbDuDQONrdoRM3XZKoiKkItTW9o-/view?usp=sharing,16/12/2025
1,MAN-PI-030,https://drive.google.com/file/d/1L7VERVyAlrqGH5jfnBYiKTQpV-O7UIUK/view?usp=sharing,16/12/2025
1,MAN-PI-031,https://drive.google.com/file/d/14du77992h-s6XQpQ-k1TiLPKtSSvXy00/view?usp=sharing,16/12/2025
1,MIC-CQ-001,https://drive.google.com/file/d/1JePQJfUgmD6czHiGScR3VigzjnBLGesT/view?usp=sharing,08/08/2025
1,MIC-CQ-002,https://drive.google.com/file/d/1HvlsW8IVnvbvQ6aTjABv5IAzpmz1QoXV/view?usp=sharing,08/08/2025
1,NIV-CQ-001,https://drive.google.com/file/d/1X63vP8usqbi526NvUaOuzTHFPjbzuVtP/view?usp=sharing,03/09/2025
1,NIV-CQ-003,https://drive.google.com/file/d/1pR6avoG_7WC6YWYIvax1Tw-Cwf8PPSxy/view?usp=sharing,10/02/2025
1,NIV-CQ-004,https://drive.google.com/file/d/1FL95g0q7E49ZK3ON99aL5fEw67i3BcK5/view?usp=sharing,18/02/2025
1,NIV-CQ-006,https://drive.google.com/file/d/11VhSG6XJ586tfDBbX5uVhu586kPpjiYy/view?usp=sharing,18/02/2025
1,NIV-CQ-007,https://drive.google.com/file/d/1IRzXeTJk0S8boeuvYx2-AcoWTVCTNn1H/view?usp=sharing,19/02/2025
1,NIV-CQ-008,https://drive.google.com/file/d/16O-Yg9pNjo5gpzFXr1WhKi3uG3_YuF6E/view?usp=sharing,18/02/2025
1,NIV-CQ-009,https://drive.google.com/file/d/1y3rp7AozcVXsOgAvgIxv7hKOu1fFAJ4z/view?usp=sharing,29/07/2025
1,NIV-CQ-010,https://drive.google.com/file/d/1TBKT-uu88IGaET3P051n7XHSmosSI7wF/view?usp=sharing,03/09/2025
1,NIV-CQ-015,https://drive.google.com/file/d/1fvoBuazVXjTeOcHR2GvywusYpTrn6PKN/view?usp=sharing,29/07/2025
1,NIV-CQ-016,https://drive.google.com/file/d/1WDPqg93Kau9OzHGZsb0rmnjsvg_xvG9B/view?usp=sharing,14/03/2025
1,NIV-CQ-017,https://drive.google.com/file/d/1E4nD-GKNZc3bTtoKinTchVJvsdCf_5F6/view?usp=sharing,14/03/2025
1,NIV-CQ-021,https://drive.google.com/file/d/1e6zYnkQroTLqyrxc7QEEBF_JnYyLsOZt/view?usp=sharing,08/04/2025
1,NIV-CQ-022,https://drive.google.com/file/d/1Xcr3cve8gUomUIS5vM_nEQNT9uPqDton/view?usp=sharing,10/09/2025
1,PAQ-CE-001,https://drive.google.com/file/d/1sebd0vd3DgOucpYzr863GfvfwtY1noOY/view?usp=sharing,08/08/2025
1,PAQ-CE-002,https://drive.google.com/file/d/1_61hu1Q4aaCa2jOyJ7fhb_piuMhZ5Nwj/view?usp=sharing,30/01/2025
1,PAQ-CE-003,https://drive.google.com/file/d/17dvzJavqtdtkk-iabm0LKKBz_mIChK6Z/view?usp=sharing,30/01/2025
1,PAQ-CQ-002,https://drive.google.com/file/d/1ZPc0ORekX3ejdnu6crWxB-a7h8RAafT6/view?usp=sharing,30/01/2025
1,PAQ-CQ-003,https://drive.google.com/file/d/11WOw_XHZf95OpjXRqKj2qqa86Hf7NShO/view?usp=sharing,08/08/2025
1,PAQ-CQ-004,https://drive.google.com/file/d/145T2z8NT4_vH7FcyqweZ9UbMXSAtkUWV/view?usp=sharing,08/08/2025
1,PAQ-CQ-006,https://drive.google.com/file/d/1LbYberfxED9KsCaYjoillcGjo7k5mNCV/view?usp=sharing,08/08/2025
1,PAQ-CQ-010,https://drive.google.com/file/d/1fDtHVZuF2kwJ2oJAwmvoS4UF2VmcoOzt/view?usp=sharing,30/01/2025
1,PAQ-CQ-011,https://drive.google.com/file/d/11Yh9KpAYUAOsXggLOsGk-NT64gDHB8yv/view?usp=sharing,23/06/2025
1,PAQ-CQ-012,https://drive.google.com/file/d/1AWNxk7qRv6hScRrvOFVQQM988YJBf5-Y/view?usp=sharing,23/06/2025
1,PAQ-CQ-013,https://drive.google.com/file/d/1vpeLrorbWMel_7IZVKm35Nj4gOjO81t2/view?usp=sharing,23/06/2025
1,PAQ-CQ-064,https://drive.google.com/file/d/1GZ2rivOK2iBZRzqCZDJSRiQ2fEhDw6E4/view?usp=sharing,30/01/2025
1,PAQ-CQ-065,https://drive.google.com/file/d/1QOtlaEDOi1o_m8hrlv79EPmn9KVDmjvF/view?usp=sharing,30/01/2025
1,PAQ-CQ-066,https://drive.google.com/file/d/1xpxgQqil0MpCAhCorsz5vg130K_QsOPn/view?usp=sharing,30/01/2025
1,PAQ-CQ-069,https://drive.google.com/file/d/1WL1flOxIMxqNtUChR-5lcp1b_U2d2Kdm/view?usp=sharing,03/12/2025
1,PAQ-CQ-070,https://drive.google.com/file/d/1itb5sr3gfGmLW4oYXxUVoZHH3Tk__-0y/view?usp=sharing,17/09/2025
1,PAQ-CQ-080,https://drive.google.com/file/d/1Ln6369hc6Fc7zmj500BG3M7Csh7b7KLm/view?usp=sharing,13/03/2025
1,PAQ-CQ-073,https://drive.google.com/file/d/1R5JXKrn6xTaHMgkPfHc8cpIXJylkoqCq/view?usp=sharing,03/12/2025
1,PAQ-CQ-076,https://drive.google.com/file/d/19g1FtWJFBY48Ioon5F8bSjKw3v59RDty/view?usp=sharing,20/02/2025
1,PAQ-CQ-077,PAQ-CQ-077 17213/2025.pdf,13/05/2025
1,PAQ-CQ-079,PAQ-CQ-079 7705/25.pdf,13/03/2025
1,PAQ-CQ-081,PAQ-CQ-081 7707/2025.pdf,13/03/2025
1,PAQ-CQ-083,PAQ-CQ-083 7709/25.pdf,13/03/2025
1,PAQ-CQ-084,PAQ-CQ-084 7710/25.pdf,13/03/2025
1,PAQ-CQ-085,PAQ-CQ-085 7711/25.pdf,13/03/2025
1,PAQ-CQ-086,PAQ-CQ-086 7712/25.pdf,13/03/2025
1,PAQ-CQ-087,PAQ-CQ-087 7713/25.pdf,13/03/2025
1,PAQ-CQ-088,PAQ-CQ-088 7714/25.pdf,13/03/2025
1,PAQ-MA-002,PAQ-MA-002 31515/2025.pdf,08/08/2025
1,PAQ-US-004,PAQ-US-004 31516/2025.pdf,08/08/2025
1,PAQ-US-005,PAQ-US-005 2665/2025.pdf,30/01/2025
1,PRE-PI-001,PRE-PI-001 1413 25.pdf,05/12/2025
1,PRE-PI-002,PRE-PI-002 1414 25.pdf,05/12/2025
1,PRE-PI-003,PRE-PI-003 1415 25.pdf,05/12/2025
1,PRE-PI-004,PRE-PI-004 1416 25.pdf,05/12/2025
1,PRE-PI-005,PRE-PI-005 1417 25.pdf,05/12/2025
1,RLC-CQ-001,RLC-CQ-001 22067/25.pdf,30/07/2025
1,TER-FO-001,TER-FO-001 0155/25.pdf,18/02/2025
1,TER-PI-002,TER-PI-002 1408/25.pdf,05/12/2025
1,TER-PI-003,TER-PI-003 1407/25.pdf,05/12/2025
1,TER-PI-004,TER-PI-004 1409/25.pdf,05/12/2025
1,TER-PI-005,TER-PI-005 0112/25.pdf,30/01/2025
1,TER-PI-006,TER-PI-006 1406/25.pdf,05/12/2025
1,TER-PI-007,TER-PI-007 1411/25.pdf,05/12/2025
1,TER-PI-008,TER-PI-008 1410/25.pdf,05/12/2025
1,TER-PI-009,TER-PI-009 1412 25.pdf,05/12/2025
1,TER-PI-010,TER-PI-10 0900/25.pdf,05/08/2025
1,TRE-CQ-005,TRE-CQ-005 2025.pdf,21/10/2025
1,TRE-CQ-007,TRE-CQ-007 2026.jpeg,06/01/2026
1,TRE-CQ-010,TRE-CQ-010 2026.jpeg,13/01/2026
1,TRE-CQ-031,TRE-CQ-031 2026.jpeg,06/01/2026
1,TRE-CQ-036,TRE-CQ-036 2025.pdf,21/10/2025
1,TRE-CQ-048,TRE-CQ-048 2026.jpeg,06/01/2026
1,TRE-CQ-095,TRE-CQ-095 2026.jpeg,07/01/2026
1,TRE-CQ-104,TRE-CQ-104 2025.pdf,06/01/2026
1,TRE-CQ-123,TRE-CQ-123 2025.jpeg,23/12/2025
1,TRE-CQ-124,TRE-CQ-124 2025.jpeg,23/12/2025
1,TRE-CQ-131,TRE-CQ-131 2025.jpeg,23/12/2025
1,TRE-CQ-137,TRE-CQ-137 2026.jpeg,07/01/2026
1,TRE-CQ-139,TRE-CQ-139 2026.jpeg,07/01/2026
1,TRE-CQ-143,TRE-CQ-143 2026.jpeg,07/01/2026
1,TRE-CQ-144,TRE-CQ-144 2026.jpeg,07/01/2026
1,TRE-CQ-146,TRE-CQ-146 2026.jpeg,07/01/2026
1,TRE-CQ-154,TRE-CQ-154 2025.pdf,20/05/2025
1,TRE-CQ-158,TRE-CQ-158 22566/2025.pdf,23/06/2025
1,TRE-CQ-159,TRE-CQ-159 16055/25.pdf,03/06/2025
1,TRE-CQ-160,TRE-CQ-160 16056/25.pdf,03/06/2025
1,TRE-CQ-161,TRE-CQ-161 16057/25.pdf,03/06/2025
1,TRE-CQ-163,TRE-CQ-163 16059/25.pdf,03/06/2025
1,TRE-CQ-164,TRE-CQ-164 16060/25.pdf,03/06/2025
1,TRE-CQ-166,TRE-CQ-166 16062/25.pdf,03/06/2025
1,TRE-CQ-167,TRE-CQ-167 16063/25.pdf,03/06/2025
1,TRE-CQ-169,TRE-CQ-169 16065/25.pdf,03/06/2025
1,TRE-CQ-171,TRE-CQ-171 16067/25.pdf,03/06/2025
1,TRE-CQ-172,TRE-CQ-172 16068/25.pdf,03/06/2025
1,TRE-CQ-173,TRE-CQ-173 16069/25.pdf,03/06/2025
1,TRE-CQ-175,TRE-CQ-175 16071/25 .pdf,03/06/2025
1,TRE-CQ-177,TRE-CQ-177 16073/25.pdf,03/06/2025
1,TRE-CQ-190,TRE-CQ-190 2025.jpeg,23/12/2025
1,TRE-CQ-180,TRE-CQ-180 16076/25.pdf,03/06/2025
1,TRE-CQ-181,TRE-CQ-181 16077/25.pdf,03/06/2025
1,TRE-CQ-182,TRE-CQ-182 16078/25.pdf,03/06/2025
1,TRE-CQ-183,TRE-CQ-183 16157/25.pdf,03/06/2025
1,TRE-CQ-184,TRE-CQ-184 16158/25.pdf,03/06/2025
1,TRE-CQ-185,TRE-CQ-185 16159/25.pdf,03/06/2025
1,TRE-CQ-186,TRE-CQ-186 16160/25.pdf,03/06/2025
1,TRE-CQ-191,TRE-CQ-191 2025.pdf,01/09/2025
1,TRE-CQ-192,TRE-CQ-194 2025.pdf,01/09/2025
1,TRE-CQ-194,TRE-CQ-194 2025.pdf,01/09/2025
1,TRE-CQ-195,TRE-CQ-195 2025.pdf,01/09/2025
1,TRE-CQ-196,TRE-CQ-196 2025.pdf,02/09/2025
1,TRE-CQ-197,TRE-CQ-197 2025.pdf,02/09/2025
1,TRE-CQ-198,TRE-CQ-198 2025.pdf,02/09/2025
1,TRE-CQ-199,TRE-CQ-199 2025.pdf,02/09/2025
1,TRE-CQ-200,TRE-CQ-200 2025.pdf,01/09/2025
1,TRE-CQ-201,TRE-CQ-201 2025.pdf,02/09/2025
1,TRE-CQ-207,TRE-CQ-207 2025.pdf,27/10/2025
1,TRE-CQ-208,TRE-CQ-208 2025.pdf,27/10/2025
1,TRE-CQ-215,TRE-CQ-215 2025.pdf,21/10/2025
1,TRE-CQ-220,TRE-CQ-220 2025.pdf,24/10/2025
1,PAQ-CQ-089,PAQ-CQ-089 35369/25.pdf,14/11/2025
1,FLU-CQ-070,FLU-CQ-070 47081/2025.pdf,03/11/2025
1,MAN-PI-0024,MAN-PI-024 47082/2025.pdf,03/11/2025
1,TRE-CQ-156,TRE-CQ-156 2025.pdf,22/05/2025
1,ESQ-CQ-016,ESQ-CQ-016 03/12/2025.jpeg,03/12/2025
1,PAQ-CQ-082,PAQ-CQ-007 31513/2025.pdf,13/03/2025
1,TRE-CQ-176,TRE-CQ-176 16072/25.pdf,03/06/2025
1,ESQ-CQ-037,ESQ-CQ-037 06/12/2025.jpeg,06/12/2025
1,TRE-CQ-054,TRE-CQ-054 2026.jpeg,06/01/2026
1,PAQ-CQ-009,PAQ-CQ-009 31514/2025.pdf,08/08/2025
1,TRE-CQ-115,TRE-CQ-115 2026.jpeg,08/01/2026
1,ESQ-CQ-038,ESQ-CQ-038 06/12/2025.jpeg,06/12/2025
1,ESQ-CQ-039,ESQ-CQ-039 06/12/2025.jpeg,06/12/2025
1,TRE-CQ-218,TRE-CQ-218 2025.jpeg,23/12/2025
1,TRE-CQ-212,TRE-CQ-212 2025.jpeg,23/12/2025
1,TRE-CQ-217,TRE-CQ-217 2026.jpeg,07/01/2026
1,TRE-CQ-205,TRE-CQ-205 2026.jpeg,07/01/2026
1,TRE-CQ-193,TRE-CQ-193 2025.pdf,01/09/2025
1,TRE-CQ-203,TRE-CQ-203 2025.jpeg,23/12/2025
1,PAQ-CQ-015,PAQ-CQ-007 31513/2025.pdf,23/06/2025
1,PAQ-CQ-007,PAQ-CQ-007 31513/2025.pdf,08/08/2025
1,TRE-CQ-219,TRE-CQ-219 2026.jpeg,06/01/2026
1,TMH-PI-004,TMH-PI-004 - 0005/2026.pdf,08/01/2026
2,TMH-PI-004,TMH-PI-004 - 0005/2026.pdf,08/01/2026
1,TRE-CQ-120,TRE-CQ-120 2025.jpeg,23/12/2025
1,TRE-CQ-147,TRE-CQ-147 2026.jpeg,07/01/2026
1,TRE-CQ-213,TRE-CQ-213 2026.jpeg,07/01/2026
1,TRE-CQ-116,TRE-CQ-116 33754/24.pdf,17/12/2024
1,PAQ-CQ-071,https://drive.google.com/file/d/1Os10rYSo2dkDc1e4lLJjDG46t6Vs1ooH/view?usp=sharing,29/10/2024
1,TRE-CQ-094,https://drive.google.com/file/d/1MtGkc2CrvwM0Y66ebJTPhQYj6EXzLEFA/view?usp=sharing,08/01/2026
1,FLU-CQ-029,FLU-CQ-029 2025.pdf,02/12/2025